Rank,,"Name of
Monument",,No.of Domestic visitors,,"Percentage
share",,,Rank,"Name of
Monument",,No.of Foreign visitors,,"Percentage
share",
1,,Taj Mahal,,5653589,,11.45,,,1,Taj Mahal,,878777,,23.18,
2,,Red Fort,,3430264,,6.95,,,2,Arga fort,,527534,,13.92,
3,"QutbMinar, Delhi",,2645070,,5.36,,3,"QulbMinar, Deihl",,,334869,,8.83,,
4,Sun Temple Konark,,2461359,,4.99,,4,Red Fort,,,126093,,3.33,,
5,Agra fort,,1970202,,3.99,,5,"Groupof Monument, Mamallapuram",,,57754,,1.52,,
6,Charminar,,1249039,,2.53,,6,BibikaMaqbara,,,12145,,0.32,,
7,Shanirwada,,1247322,,2.53,,7,Shanirwada,,,9883,,0.26,,
8,BibikaMaqbara,,1206687,,2.44,,8,Charminar,,,8947,,0.24,,
9,"Group of Monument, Mamallapuram",,1044091,,2.12,,9,Sun Temple Konark,,,5490,,0.14,,
10,GolGumbaz,,93917,,0.19,,10,GolGumbaz,,,2133,,0.06,,
,Others,,28359849,,57.45,,,Others,,,1827409,,48.20,,
,Total,,49361389,,100.00,,,Total,,,379 034,,100.00,,
